"database_identifier"	"chemical_formula"	"smiles"	"inchi"	"metabolite_identification"	"mass_to_charge"	"fragmentation"	"modifications"	"charge"	"retention_time"	"taxid"	"species"	"database"	"database_version"	"reliability"	"uri"	"search_engine"	"search_engine_score"	"smallmolecule_abundance_sub"	"smallmolecule_abundance_stdev_sub"	"smallmolecule_abundance_std_error_sub"	"Victoria Univeristy.Subject-05.bloodplasma-7"	"Victoria Univeristy.Subject-05.bloodplasma-6"	"Victoria Univeristy.Subject-05.bloodplasma-8"	"Victoria Univeristy.Subject-05.bloodplasma-1"	"Victoria Univeristy.Subject-05.bloodplasma-3"	"Victoria Univeristy.Subject-05.bloodplasma-2"	"Victoria Univeristy.Subject-05.bloodplasma-5"	"Victoria Univeristy.Subject-05.bloodplasma-4"	"Victoria Univeristy.Subject-04.bloodplasma-1"	"Victoria Univeristy.Subject-04.bloodplasma-2"	"Victoria Univeristy.Subject-03.bloodplasma-8"	"Victoria Univeristy.Subject-04.bloodplasma-5"	"Victoria Univeristy.Subject-04.bloodplasma-6"	"Victoria Univeristy.Subject-04.bloodplasma-3"	"Victoria Univeristy.Subject-04.bloodplasma-4"	"Victoria Univeristy.Subject-03.bloodplasma-4"	"Victoria Univeristy.Subject-03.bloodplasma-5"	"Victoria Univeristy.Subject-03.bloodplasma-6"	"Victoria Univeristy.Subject-04.bloodplasma-7"	"Victoria Univeristy.Subject-04.bloodplasma-8"	"Victoria Univeristy.Subject-03.bloodplasma-7"	"Victoria Univeristy.Subject-03.bloodplasma-1"	"Victoria Univeristy.Subject-03.bloodplasma-2"	"Victoria Univeristy.Subject-03.bloodplasma-3"	"Victoria Univeristy.Subject-07.bloodplasma-1"	"Victoria Univeristy.Subject-07.bloodplasma-3"	"Victoria Univeristy.Subject-07.bloodplasma-2"	"Victoria Univeristy.Subject-07.bloodplasma-8"	"Victoria Univeristy.Subject-07.bloodplasma-5"	"Victoria Univeristy.Subject-07.bloodplasma-4"	"Victoria Univeristy.Subject-07.bloodplasma-7"	"Victoria Univeristy.Subject-07.bloodplasma-6"	"Victoria Univeristy.Subject-02.bloodplasma-8"	"Victoria Univeristy.Subject-02.bloodplasma-7"	"Victoria Univeristy.Subject-02.bloodplasma-6"	"Victoria Univeristy.Subject-02.bloodplasma-5"	"Victoria Univeristy.Subject-02.bloodplasma-4"	"Victoria Univeristy.Subject-02.bloodplasma-3"	"Victoria Univeristy.Subject-02.bloodplasma-2"	"Victoria Univeristy.Subject-02.bloodplasma-1"	"Victoria Univeristy.Subject-01.bloodplasma-2"	"Victoria Univeristy.Subject-01.bloodplasma-3"	"Victoria Univeristy.Subject-01.bloodplasma-4"	"Victoria Univeristy.Subject-01.bloodplasma-5"	"Victoria Univeristy.Subject-01.bloodplasma-6"	"Victoria Univeristy.Subject-01.bloodplasma-7"	"Victoria Univeristy.Subject-01.bloodplasma-8"	"Victoria Univeristy.Subject-06.bloodplasma-2"	"Victoria Univeristy.Subject-06.bloodplasma-1"	"Victoria Univeristy.Subject-06.bloodplasma-4"	"Victoria Univeristy.Subject-06.bloodplasma-3"	"Victoria Univeristy.Subject-06.bloodplasma-6"	"Victoria Univeristy.Subject-06.bloodplasma-5"	"Victoria Univeristy.Subject-06.bloodplasma-8"	"Victoria Univeristy.Subject-06.bloodplasma-7"	"Victoria Univeristy.Subject-01.bloodplasma-1"
"CHEBI:20392"	"C5H9NO3"	"OC1CNC(C1)C(O)=O"	"InChI=1S/C5H9NO3/c7-3-1-4(5(8)9)6-2-3/h3-4,6-7H,1-2H2,(H,8,9)"	"4-Hydroxyproline_3TMS"	"230"	""	""	""	"12.54"	"NCBITAXON:http://purl.bioontology.org/ontology/NCBITAXON/9606"	"Homo sapiens"	""	""	""	""	""	""	""	""	""	""	""	""	""	""	""	""	""	""	""	""	""	""	""	""	""	""	""	""	""	""	""	""	""	""	""	""	""	""	""	""	""	""	""	""	""	""	""	""	""	""	""	""	""	""	""	""	""	""	""	""	""	""	""	""	""
"CHEBI:16449"	"C3H7NO2"	"CC(N)C(O)=O"	"InChI=1S/C3H7NO2/c1-2(4)3(5)6/h2H,4H2,1H3,(H,5,6)"	"Alanine_2TMS"	"190"	""	""	""	"8.777"	"NCBITAXON:http://purl.bioontology.org/ontology/NCBITAXON/9606"	"Homo sapiens"	""	""	""	""	""	""	""	""	""	""	""	""	""	""	""	""	""	""	""	""	""	""	""	""	""	""	""	""	""	""	""	""	""	""	""	""	""	""	""	""	""	""	""	""	""	""	""	""	""	""	""	""	""	""	""	""	""	""	""	""	""	""	""	""	""
"CHEBI:29016"	"C6H14N4O2"	"NC(CCCNC(N)=N)C(O)=O"	"InChI=1S/C6H14N4O2/c7-4(5(11)12)2-1-3-10-6(8)9/h4H,1-3,7H2,(H,11,12)(H4,8,9,10)"	"Arginine_3TMS"	"256"	""	""	""	"14.81"	"NCBITAXON:http://purl.bioontology.org/ontology/NCBITAXON/9606"	"Homo sapiens"	""	""	""	""	""	""	""	""	""	""	""	""	""	""	""	""	""	""	""	""	""	""	""	""	""	""	""	""	""	""	""	""	""	""	""	""	""	""	""	""	""	""	""	""	""	""	""	""	""	""	""	""	""	""	""	""	""	""	""	""	""	""	""	""	""
"CHEBI:22653"	"C4H8N2O3"	"NC(CC(N)=O)C(O)=O"	"InChI=1S/C4H8N2O3/c5-2(4(8)9)1-3(6)7/h2H,1,5H2,(H2,6,7)(H,8,9)"	"Asparagine_3TMS"	"231"	""	""	""	"13.684"	"NCBITAXON:http://purl.bioontology.org/ontology/NCBITAXON/9606"	"Homo sapiens"	""	""	""	""	""	""	""	""	""	""	""	""	""	""	""	""	""	""	""	""	""	""	""	""	""	""	""	""	""	""	""	""	""	""	""	""	""	""	""	""	""	""	""	""	""	""	""	""	""	""	""	""	""	""	""	""	""	""	""	""	""	""	""	""	""
"CHEBI:22660"	"C4H7NO4"	"NC(CC(O)=O)C(O)=O"	"InChI=1S/C4H7NO4/c5-2(4(8)9)1-3(6)7/h2H,1,5H2,(H,6,7)(H,8,9)"	"Aspartate_2TMS"	"306"	""	""	""	"12.479"	"NCBITAXON:http://purl.bioontology.org/ontology/NCBITAXON/9606"	"Homo sapiens"	""	""	""	""	""	""	""	""	""	""	""	""	""	""	""	""	""	""	""	""	""	""	""	""	""	""	""	""	""	""	""	""	""	""	""	""	""	""	""	""	""	""	""	""	""	""	""	""	""	""	""	""	""	""	""	""	""	""	""	""	""	""	""	""	""
"CHEBI:16113"	"C27H46O"	"CC(C)CCC[C@@H](C)[C@H]1CC[C@H]2[C@@H]3CC=C4C[C@@H](O)CC[C@]4(C)[C@H]3CC[C@]12C"	"InChI=1S/C27H46O/c1-18(2)7-6-8-19(3)23-11-12-24-22-10-9-20-17-21(28)13-15-26(20,4)25(22)14-16-27(23,24)5/h9,18-19,21-25,28H,6-8,10-17H2,1-5H3/t19-,21+,22+,23-,24+,25+,26+,27-/m1/s1"	"Cholesterol_1TMS"	"458"	""	""	""	"22.263"	"NCBITAXON:http://purl.bioontology.org/ontology/NCBITAXON/9606"	"Homo sapiens"	""	""	""	""	""	""	""	""	""	""	""	""	""	""	""	""	""	""	""	""	""	""	""	""	""	""	""	""	""	""	""	""	""	""	""	""	""	""	""	""	""	""	""	""	""	""	""	""	""	""	""	""	""	""	""	""	""	""	""	""	""	""	""	""	""
"CHEBI:30769"	"C6H8O7"	"OC(=O)CC(O)(CC(O)=O)C(O)=O"	"InChI=1S/C6H8O7/c7-3(8)1-6(13,5(11)12)2-4(9)10/h13H,1-2H2,(H,7,8)(H,9,10)(H,11,12)"	"Citrate_2TMS"	"465"	""	""	""	"14.734"	"NCBITAXON:http://purl.bioontology.org/ontology/NCBITAXON/9606"	"Homo sapiens"	""	""	""	""	""	""	""	""	""	""	""	""	""	""	""	""	""	""	""	""	""	""	""	""	""	""	""	""	""	""	""	""	""	""	""	""	""	""	""	""	""	""	""	""	""	""	""	""	""	""	""	""	""	""	""	""	""	""	""	""	""	""	""	""	""
"CHEBI:30805"	"C12H24O2"	"CCCCCCCCCCCC(O)=O"	"InChI=1S/C12H24O2/c1-2-3-4-5-6-7-8-9-10-11-12(13)14/h2-11H2,1H3,(H,13,14)"	"Dodecanoate_1TMS"	"257"	""	""	""	"13.584"	"NCBITAXON:http://purl.bioontology.org/ontology/NCBITAXON/9606"	"Homo sapiens"	""	""	""	""	""	""	""	""	""	""	""	""	""	""	""	""	""	""	""	""	""	""	""	""	""	""	""	""	""	""	""	""	""	""	""	""	""	""	""	""	""	""	""	""	""	""	""	""	""	""	""	""	""	""	""	""	""	""	""	""	""	""	""	""	""
"CHEBI:37654"	"C4H8O5"	""	""	"Erythronate_2TMS"	"292"	""	""	""	"12.627"	"NCBITAXON:http://purl.bioontology.org/ontology/NCBITAXON/9606"	"Homo sapiens"	""	""	""	""	""	""	""	""	""	""	""	""	""	""	""	""	""	""	""	""	""	""	""	""	""	""	""	""	""	""	""	""	""	""	""	""	""	""	""	""	""	""	""	""	""	""	""	""	""	""	""	""	""	""	""	""	""	""	""	""	""	""	""	""	""
"CHEBI:28757"	"C6H12O6"	""	""	"Fructose_1MEOX/5TMS"	"319"	""	""	""	"15.03"	"NCBITAXON:http://purl.bioontology.org/ontology/NCBITAXON/9606"	"Homo sapiens"	""	""	""	""	""	""	""	""	""	""	""	""	""	""	""	""	""	""	""	""	""	""	""	""	""	""	""	""	""	""	""	""	""	""	""	""	""	""	""	""	""	""	""	""	""	""	""	""	""	""	""	""	""	""	""	""	""	""	""	""	""	""	""	""	""
"CHEBI:18012"	"C4H4O4"	"OC(=O)C=CC(O)=O"	"InChI=1S/C4H4O4/c5-3(6)1-2-4(7)8/h1-2H,(H,5,6)(H,7,8)/b2-1+"	"Fumarate_2TMS"	"245"	""	""	""	"11.051"	"NCBITAXON:http://purl.bioontology.org/ontology/NCBITAXON/9606"	"Homo sapiens"	""	""	""	""	""	""	""	""	""	""	""	""	""	""	""	""	""	""	""	""	""	""	""	""	""	""	""	""	""	""	""	""	""	""	""	""	""	""	""	""	""	""	""	""	""	""	""	""	""	""	""	""	""	""	""	""	""	""	""	""	""	""	""	""	""
"CHEBI:18237"	"C5H9NO4"	"NC(CCC(O)=O)C(O)=O"	"InChI=1S/C5H9NO4/c6-3(5(9)10)1-2-4(7)8/h3H,1-2,6H2,(H,7,8)(H,9,10)"	"Glutamate_3TMS"	"246"	""	""	""	"13.279"	"NCBITAXON:http://purl.bioontology.org/ontology/NCBITAXON/9606"	"Homo sapiens"	""	""	""	""	""	""	""	""	""	""	""	""	""	""	""	""	""	""	""	""	""	""	""	""	""	""	""	""	""	""	""	""	""	""	""	""	""	""	""	""	""	""	""	""	""	""	""	""	""	""	""	""	""	""	""	""	""	""	""	""	""	""	""	""	""
"CHEBI:24266"	"C6H12O7"	""	""	"Gluconic Acid_6TMS"	"333"	""	""	""	"15.948"	"NCBITAXON:http://purl.bioontology.org/ontology/NCBITAXON/9606"	"Homo sapiens"	""	""	""	""	""	""	""	""	""	""	""	""	""	""	""	""	""	""	""	""	""	""	""	""	""	""	""	""	""	""	""	""	""	""	""	""	""	""	""	""	""	""	""	""	""	""	""	""	""	""	""	""	""	""	""	""	""	""	""	""	""	""	""	""	""
"CHEBI:17234"	"C6H12O6"	""	""	"Glucose_1MEOX/5TMS"	"319"	""	""	""	"15.168"	"NCBITAXON:http://purl.bioontology.org/ontology/NCBITAXON/9606"	"Homo sapiens"	""	""	""	""	""	""	""	""	""	""	""	""	""	""	""	""	""	""	""	""	""	""	""	""	""	""	""	""	""	""	""	""	""	""	""	""	""	""	""	""	""	""	""	""	""	""	""	""	""	""	""	""	""	""	""	""	""	""	""	""	""	""	""	""	""
"CHEBI:15428"	"C2H5NO2"	"NCC(O)=O"	"InChI=1S/C2H5NO2/c3-1-2(4)5/h1,3H2,(H,4,5)"	"Glycine_2TMS"	"204"	""	""	""	"8.953"	"NCBITAXON:http://purl.bioontology.org/ontology/NCBITAXON/9606"	"Homo sapiens"	""	""	""	""	""	""	""	""	""	""	""	""	""	""	""	""	""	""	""	""	""	""	""	""	""	""	""	""	""	""	""	""	""	""	""	""	""	""	""	""	""	""	""	""	""	""	""	""	""	""	""	""	""	""	""	""	""	""	""	""	""	""	""	""	""
"CHEBI:17754"	"C3H8O3"	"OCC(O)CO"	"InChI=1S/C3H8O3/c4-1-3(6)2-5/h3-6H,1-2H2"	"Glycerol_3TMS"	"205"	""	""	""	"10.301"	"NCBITAXON:http://purl.bioontology.org/ontology/NCBITAXON/9606"	"Homo sapiens"	""	""	""	""	""	""	""	""	""	""	""	""	""	""	""	""	""	""	""	""	""	""	""	""	""	""	""	""	""	""	""	""	""	""	""	""	""	""	""	""	""	""	""	""	""	""	""	""	""	""	""	""	""	""	""	""	""	""	""	""	""	""	""	""	""
"CHEBI:14336"	"C3H9O6P"	"OCC(O)COP(O)(O)=O"	"InChI=1S/C3H9O6P/c4-1-3(5)2-9-10(6,7)8/h3-5H,1-2H2,(H2,6,7,8)"	"Glycerol-3-P_4TMS"	"299"	""	""	""	"14.317"	"NCBITAXON:http://purl.bioontology.org/ontology/NCBITAXON/9606"	"Homo sapiens"	""	""	""	""	""	""	""	""	""	""	""	""	""	""	""	""	""	""	""	""	""	""	""	""	""	""	""	""	""	""	""	""	""	""	""	""	""	""	""	""	""	""	""	""	""	""	""	""	""	""	""	""	""	""	""	""	""	""	""	""	""	""	""	""	""
"CHEBI:69187"	"C17H34O2"	"CCCCCCCCCCCCCCCC(=O)OC"	"InChI=1S/C17H34O2/c1-3-4-5-6-7-8-9-10-11-12-13-14-15-16-17(18)19-2/h3-16H2,1-2H3"	"Hexadecanoic Acid Methyl Ester_1TMS"	"270"	""	""	""	"15.6"	"NCBITAXON:http://purl.bioontology.org/ontology/NCBITAXON/9606"	"Homo sapiens"	""	""	""	""	""	""	""	""	""	""	""	""	""	""	""	""	""	""	""	""	""	""	""	""	""	""	""	""	""	""	""	""	""	""	""	""	""	""	""	""	""	""	""	""	""	""	""	""	""	""	""	""	""	""	""	""	""	""	""	""	""	""	""	""	""
"CHEBI:15756"	"C16H32O2"	"CCCCCCCCCCCCCCCC(O)=O"	"InChI=1S/C16H32O2/c1-2-3-4-5-6-7-8-9-10-11-12-13-14-15-16(17)18/h2-15H2,1H3,(H,17,18)"	"Hexadecanoate_1TMS"	"313"	""	""	""	"16.338"	"NCBITAXON:http://purl.bioontology.org/ontology/NCBITAXON/9606"	"Homo sapiens"	""	""	""	""	""	""	""	""	""	""	""	""	""	""	""	""	""	""	""	""	""	""	""	""	""	""	""	""	""	""	""	""	""	""	""	""	""	""	""	""	""	""	""	""	""	""	""	""	""	""	""	""	""	""	""	""	""	""	""	""	""	""	""	""	""
"CHEBI:24898"	"C6H13NO2"	""	""	"Isoleucine_1TMS"	"188"	""	""	""	"9.53"	"NCBITAXON:http://purl.bioontology.org/ontology/NCBITAXON/9606"	"Homo sapiens"	""	""	""	""	""	""	""	""	""	""	""	""	""	""	""	""	""	""	""	""	""	""	""	""	""	""	""	""	""	""	""	""	""	""	""	""	""	""	""	""	""	""	""	""	""	""	""	""	""	""	""	""	""	""	""	""	""	""	""	""	""	""	""	""	""
"CHEBI:24848"	"C6H12O6"	"OC1C(O)C(O)C(O)C(O)C1O"	"InChI=1S/C6H12O6/c7-1-2(8)4(10)6(12)5(11)3(1)9/h1-12H"	"Inositol_6TMS"	"432"	""	""	""	"16.547"	"NCBITAXON:http://purl.bioontology.org/ontology/NCBITAXON/9606"	"Homo sapiens"	""	""	""	""	""	""	""	""	""	""	""	""	""	""	""	""	""	""	""	""	""	""	""	""	""	""	""	""	""	""	""	""	""	""	""	""	""	""	""	""	""	""	""	""	""	""	""	""	""	""	""	""	""	""	""	""	""	""	""	""	""	""	""	""	""
"CHEBI:78320"	"C3H6O3"	"CC(O)C(O)=O"	"InChI=1S/C3H6O3/c1-2(4)3(5)6/h2,4H,1H3,(H,5,6)"	"Lactate_2TMS"	"191"	""	""	""	"8.101"	"NCBITAXON:http://purl.bioontology.org/ontology/NCBITAXON/9606"	"Homo sapiens"	""	""	""	""	""	""	""	""	""	""	""	""	""	""	""	""	""	""	""	""	""	""	""	""	""	""	""	""	""	""	""	""	""	""	""	""	""	""	""	""	""	""	""	""	""	""	""	""	""	""	""	""	""	""	""	""	""	""	""	""	""	""	""	""	""
"CHEBI:25017"	"C6H13NO2"	"CC(C)CC(N)C(O)=O"	"InChI=1S/C6H13NO2/c1-4(2)3-5(7)6(8)9/h4-5H,3,7H2,1-2H3,(H,8,9)"	"Leucine_2TMS"	"158"	""	""	""	"10.325"	"NCBITAXON:http://purl.bioontology.org/ontology/NCBITAXON/9606"	"Homo sapiens"	""	""	""	""	""	""	""	""	""	""	""	""	""	""	""	""	""	""	""	""	""	""	""	""	""	""	""	""	""	""	""	""	""	""	""	""	""	""	""	""	""	""	""	""	""	""	""	""	""	""	""	""	""	""	""	""	""	""	""	""	""	""	""	""	""
"CHEBI:25094"	"C6H14N2O2"	"NCCCCC(N)C(O)=O"	"InChI=1S/C6H14N2O2/c7-4-2-1-3-5(8)6(9)10/h5H,1-4,7-8H2,(H,9,10)"	"Lysine_4TMS"	"230"	""	""	""	"15.483"	"NCBITAXON:http://purl.bioontology.org/ontology/NCBITAXON/9606"	"Homo sapiens"	""	""	""	""	""	""	""	""	""	""	""	""	""	""	""	""	""	""	""	""	""	""	""	""	""	""	""	""	""	""	""	""	""	""	""	""	""	""	""	""	""	""	""	""	""	""	""	""	""	""	""	""	""	""	""	""	""	""	""	""	""	""	""	""	""
"CHEBI:6650"	"C4H6O5"	"OC(CC(O)=O)C(O)=O"	"InChI=1S/C4H6O5/c5-2(4(8)9)1-3(6)7/h2,5H,1H2,(H,6,7)(H,8,9)"	"Malate_3TMS"	"335"	""	""	""	"12.199"	"NCBITAXON:http://purl.bioontology.org/ontology/NCBITAXON/9606"	"Homo sapiens"	""	""	""	""	""	""	""	""	""	""	""	""	""	""	""	""	""	""	""	""	""	""	""	""	""	""	""	""	""	""	""	""	""	""	""	""	""	""	""	""	""	""	""	""	""	""	""	""	""	""	""	""	""	""	""	""	""	""	""	""	""	""	""	""	""
"CHEBI:37684"	"C6H12O6"	""	""	"Mannose_1MEOX/5TMS"	"319"	""	""	""	"15.395"	"NCBITAXON:http://purl.bioontology.org/ontology/NCBITAXON/9606"	"Homo sapiens"	""	""	""	""	""	""	""	""	""	""	""	""	""	""	""	""	""	""	""	""	""	""	""	""	""	""	""	""	""	""	""	""	""	""	""	""	""	""	""	""	""	""	""	""	""	""	""	""	""	""	""	""	""	""	""	""	""	""	""	""	""	""	""	""	""
"CHEBI:28842"	"C18H36O2"	"C(CCCCCCCCCC)CCCCCCC(=O)O"	"InChI=1S/C18H36O2/c1-2-3-4-5-6-7-8-9-10-11-12-13-14-15-16-17-18(19)20/h2-17H2,1H3,(H,19,20)"	"Octadecanoate_1TMS"	"356"	""	""	""	"17.532"	"NCBITAXON:http://purl.bioontology.org/ontology/NCBITAXON/9606"	"Homo sapiens"	""	""	""	""	""	""	""	""	""	""	""	""	""	""	""	""	""	""	""	""	""	""	""	""	""	""	""	""	""	""	""	""	""	""	""	""	""	""	""	""	""	""	""	""	""	""	""	""	""	""	""	""	""	""	""	""	""	""	""	""	""	""	""	""	""
"CHEBI:28044"	"C9H11NO2"	"NC(Cc1ccccc1)C(O)=O"	"InChI=1S/C9H11NO2/c10-8(9(11)12)6-7-4-2-1-3-5-7/h1-5,8H,6,10H2,(H,11,12)"	"Phenylalanine_2TMS"	"192"	""	""	""	"13.411"	"NCBITAXON:http://purl.bioontology.org/ontology/NCBITAXON/9606"	"Homo sapiens"	""	""	""	""	""	""	""	""	""	""	""	""	""	""	""	""	""	""	""	""	""	""	""	""	""	""	""	""	""	""	""	""	""	""	""	""	""	""	""	""	""	""	""	""	""	""	""	""	""	""	""	""	""	""	""	""	""	""	""	""	""	""	""	""	""
"CHEBI:17964"	"C6H11NO2"	"OC(=O)C1CCCCN1"	"InChI=1S/C6H11NO2/c8-6(9)5-3-1-2-4-7-5/h5,7H,1-4H2,(H,8,9)"	"Pipecolate_2TMS"	"156"	""	""	""	"10.904"	"NCBITAXON:http://purl.bioontology.org/ontology/NCBITAXON/9606"	"Homo sapiens"	""	""	""	""	""	""	""	""	""	""	""	""	""	""	""	""	""	""	""	""	""	""	""	""	""	""	""	""	""	""	""	""	""	""	""	""	""	""	""	""	""	""	""	""	""	""	""	""	""	""	""	""	""	""	""	""	""	""	""	""	""	""	""	""	""
"CHEBI:26271"	"C5H9NO2"	"OC(=O)C1CCCN1"	"InChI=1S/C5H9NO2/c7-5(8)4-2-1-3-6-4/h4,6H,1-3H2,(H,7,8)"	"Proline_2TMS"	"186"	""	""	""	"13.056"	"NCBITAXON:http://purl.bioontology.org/ontology/NCBITAXON/9606"	"Homo sapiens"	""	""	""	""	""	""	""	""	""	""	""	""	""	""	""	""	""	""	""	""	""	""	""	""	""	""	""	""	""	""	""	""	""	""	""	""	""	""	""	""	""	""	""	""	""	""	""	""	""	""	""	""	""	""	""	""	""	""	""	""	""	""	""	""	""
"CHEBI:26546"	"C6H12O5"	""	""	"Rhamnose_4TMS"	"277"	""	""	""	"14.052"	"NCBITAXON:http://purl.bioontology.org/ontology/NCBITAXON/9606"	"Homo sapiens"	""	""	""	""	""	""	""	""	""	""	""	""	""	""	""	""	""	""	""	""	""	""	""	""	""	""	""	""	""	""	""	""	""	""	""	""	""	""	""	""	""	""	""	""	""	""	""	""	""	""	""	""	""	""	""	""	""	""	""	""	""	""	""	""	""
"CHEBI:17822"	"C3H7NO3"	"NC(CO)C(O)=O"	"InChI=1S/C3H7NO3/c4-2(1-5)3(6)7/h2,5H,1,4H2,(H,6,7)"	"Serine_3TMS"	"204"	""	""	""	"11.098"	"NCBITAXON:http://purl.bioontology.org/ontology/NCBITAXON/9606"	"Homo sapiens"	""	""	""	""	""	""	""	""	""	""	""	""	""	""	""	""	""	""	""	""	""	""	""	""	""	""	""	""	""	""	""	""	""	""	""	""	""	""	""	""	""	""	""	""	""	""	""	""	""	""	""	""	""	""	""	""	""	""	""	""	""	""	""	""	""
"CHEBI:27922"	"C6H12O6"	""	""	"Sorbose_1MEOX/5TMS"	"307"	""	""	""	"15.13"	"NCBITAXON:http://purl.bioontology.org/ontology/NCBITAXON/9606"	"Homo sapiens"	""	""	""	""	""	""	""	""	""	""	""	""	""	""	""	""	""	""	""	""	""	""	""	""	""	""	""	""	""	""	""	""	""	""	""	""	""	""	""	""	""	""	""	""	""	""	""	""	""	""	""	""	""	""	""	""	""	""	""	""	""	""	""	""	""
"CHEBI:15741"	"C4H6O4"	"OC(=O)CCC(O)=O"	"InChI=1S/C4H6O4/c5-3(6)1-2-4(7)8/h1-2H2,(H,5,6)(H,7,8)"	"Succinate_2TMS"	"247"	""	""	""	"10.731"	"NCBITAXON:http://purl.bioontology.org/ontology/NCBITAXON/9606"	"Homo sapiens"	""	""	""	""	""	""	""	""	""	""	""	""	""	""	""	""	""	""	""	""	""	""	""	""	""	""	""	""	""	""	""	""	""	""	""	""	""	""	""	""	""	""	""	""	""	""	""	""	""	""	""	""	""	""	""	""	""	""	""	""	""	""	""	""	""
"CHEBI:17992"	"C12H22O11"	"OC[C@H]1O[C@H](O[C@]2(CO)O[C@H](CO)[C@@H](O)[C@@H]2O)[C@H](O)[C@@H](O)[C@@H]1O"	"InChI=1S/C12H22O11/c13-1-4-6(16)8(18)9(19)11(21-4)23-12(3-15)10(20)7(17)5(2-14)22-12/h4-11,13-20H,1-3H2/t4-,5-,6-,7-,8+,9-,10+,11-,12+/m1/s1"	"Sucrose_8TMS"	"451"	""	""	""	"19.512"	"NCBITAXON:http://purl.bioontology.org/ontology/NCBITAXON/9606"	"Homo sapiens"	""	""	""	""	""	""	""	""	""	""	""	""	""	""	""	""	""	""	""	""	""	""	""	""	""	""	""	""	""	""	""	""	""	""	""	""	""	""	""	""	""	""	""	""	""	""	""	""	""	""	""	""	""	""	""	""	""	""	""	""	""	""	""	""	""
"CHEBI:15674"	"C4H6O6"	"OC(C(O)C(O)=O)C(O)=O"	"InChI=1S/C4H6O6/c5-1(3(7)8)2(6)4(9)10/h1-2,5-6H,(H,7,8)(H,9,10)"	"Tartaric Acid_4TMS"	"219"	""	""	""	"12.952"	"NCBITAXON:http://purl.bioontology.org/ontology/NCBITAXON/9606"	"Homo sapiens"	""	""	""	""	""	""	""	""	""	""	""	""	""	""	""	""	""	""	""	""	""	""	""	""	""	""	""	""	""	""	""	""	""	""	""	""	""	""	""	""	""	""	""	""	""	""	""	""	""	""	""	""	""	""	""	""	""	""	""	""	""	""	""	""	""
"CHEBI:26986"	"C4H9NO3"	""	""	"Threonine_3TMS"	"218"	""	""	""	"11.323"	"NCBITAXON:http://purl.bioontology.org/ontology/NCBITAXON/9606"	"Homo sapiens"	""	""	""	""	""	""	""	""	""	""	""	""	""	""	""	""	""	""	""	""	""	""	""	""	""	""	""	""	""	""	""	""	""	""	""	""	""	""	""	""	""	""	""	""	""	""	""	""	""	""	""	""	""	""	""	""	""	""	""	""	""	""	""	""	""
"CHEBI:18186"	"C9H11NO3"	"NC(Cc1ccc(O)cc1)C(O)=O"	"InChI=1S/C9H11NO3/c10-8(9(12)13)5-6-1-3-7(11)4-2-6/h1-4,8,11H,5,10H2,(H,12,13)"	"Tyrosine_3TMS"	"308"	""	""	""	"15.42"	"NCBITAXON:http://purl.bioontology.org/ontology/NCBITAXON/9606"	"Homo sapiens"	""	""	""	""	""	""	""	""	""	""	""	""	""	""	""	""	""	""	""	""	""	""	""	""	""	""	""	""	""	""	""	""	""	""	""	""	""	""	""	""	""	""	""	""	""	""	""	""	""	""	""	""	""	""	""	""	""	""	""	""	""	""	""	""	""
"CHEBI:16199"	"CH4N2O"	"NC(N)=O"	"InChI=1S/CH4N2O/c2-1(3)4/h(H4,2,3,4)"	"Urea_2TMS"	"189"	""	""	""	"10.45"	"NCBITAXON:http://purl.bioontology.org/ontology/NCBITAXON/9606"	"Homo sapiens"	""	""	""	""	""	""	""	""	""	""	""	""	""	""	""	""	""	""	""	""	""	""	""	""	""	""	""	""	""	""	""	""	""	""	""	""	""	""	""	""	""	""	""	""	""	""	""	""	""	""	""	""	""	""	""	""	""	""	""	""	""	""	""	""	""
"CHEBI:17775"	"C5H4N4O3"	"O=c1[nH]c2[nH]c(=O)[nH]c(=O)c2[nH]1"	"InChI=1S/C5H4N4O3/c10-3-1-2(7-4(11)6-1)8-5(12)9-3/h(H4,6,7,8,9,10,11,12)"	"Uric Acid_4TMS"	"456"	""	""	""	"16.621"	"NCBITAXON:http://purl.bioontology.org/ontology/NCBITAXON/9606"	"Homo sapiens"	""	""	""	""	""	""	""	""	""	""	""	""	""	""	""	""	""	""	""	""	""	""	""	""	""	""	""	""	""	""	""	""	""	""	""	""	""	""	""	""	""	""	""	""	""	""	""	""	""	""	""	""	""	""	""	""	""	""	""	""	""	""	""	""	""
"CHEBI:27266"	"C5H11NO2"	"CC(C)C(N)C(O)=O"	"InChI=1S/C5H11NO2/c1-3(2)4(6)5(7)8/h3-4H,6H2,1-2H3,(H,7,8)"	"Valine_2TMS"	"144"	""	""	""	"9.822"	"NCBITAXON:http://purl.bioontology.org/ontology/NCBITAXON/9606"	"Homo sapiens"	""	""	""	""	""	""	""	""	""	""	""	""	""	""	""	""	""	""	""	""	""	""	""	""	""	""	""	""	""	""	""	""	""	""	""	""	""	""	""	""	""	""	""	""	""	""	""	""	""	""	""	""	""	""	""	""	""	""	""	""	""	""	""	""	""
"CHEBI:17151"	"C5H12O5"	"OC[C@H](O)[C@@H](O)[C@H](O)CO"	"InChI=1S/C5H12O5/c6-1-3(8)5(10)4(9)2-7/h3-10H,1-2H2/t3-,4+,5+"	"Xylitol_5TMS"	"307"	""	""	""	"13.979"	"NCBITAXON:http://purl.bioontology.org/ontology/NCBITAXON/9606"	"Homo sapiens"	""	""	""	""	""	""	""	""	""	""	""	""	""	""	""	""	""	""	""	""	""	""	""	""	""	""	""	""	""	""	""	""	""	""	""	""	""	""	""	""	""	""	""	""	""	""	""	""	""	""	""	""	""	""	""	""	""	""	""	""	""	""	""	""	""
"CHEBI:18222"	"C5H10O5"	""	""	"Xylose_4TMS"	"217"	""	""	""	"13.547"	"NCBITAXON:http://purl.bioontology.org/ontology/NCBITAXON/9606"	"Homo sapiens"	""	""	""	""	""	""	""	""	""	""	""	""	""	""	""	""	""	""	""	""	""	""	""	""	""	""	""	""	""	""	""	""	""	""	""	""	""	""	""	""	""	""	""	""	""	""	""	""	""	""	""	""	""	""	""	""	""	""	""	""	""	""	""	""	""
